Model,#Param,BIC,AICc,lnL,Invariant,Gamma,Freq A,Freq R,Freq N,Freq D,Freq C,Freq Q,Freq E,Freq G,Freq H,Freq I,Freq L,Freq K,Freq M,Freq F,Freq P,Freq S,Freq T,Freq W,Freq Y,Freq V,,,,,,,,,,,,,,,,,,,,,,,,,,,,,,,,,,,,,,,,,,,,,,,,,,,,,,,,,,,,,,,,,,,,,,,,,,,,,,,,,,,,,,,,,,,,,,,,,,,,,,,,,,,,,,,,,,,,,,,,,,,,,,,,,,,,,,,,,,,,,,,,,,,,,,,,,,,,,,,,,,,,,,,,,,,,,,,,,,,,,,,,,,,,,,,,,,,,,,,,,,,,,,,,,,,,,,,,,,,,,,,,,,,,,,,,,,,,,,,,,,,,,,,,,,,,,,,,,,,,,,,,,,,,,,,,,,,,,,,,,,,,,,,,,,,,,,,,,,,,,,,,,,,,,,,,,,,,,,,,,,,,,,,,,,,,,,,,,,,,,,,,,,,,,,,,,,,,,,,,,,,,,,,,,,,,,,,,,,,,
WAG+G+I,119,4860.03043960051,3877.87107954352,-1819.43448714018,0.864472234476936,0.576278575320707,0.0866279,0.043972,0.0390894,0.0570451,0.0193078,0.0367281,0.0580589,0.0832518,0.0244313,0.048466,0.086209,0.0620286,0.0195027,0.0384319,0.0457631,0.0695179,0.0610127,0.0143859,0.0352742,0.0708956,,,,,,,,,,,,,,,,,,,,,,,,,,,,,,,,,,,,,,,,,,,,,,,,,,,,,,,,,,,,,,,,,,,,,,,,,,,,,,,,,,,,,,,,,,,,,,,,,,,,,,,,,,,,,,,,,,,,,,,,,,,,,,,,,,,,,,,,,,,,,,,,,,,,,,,,,,,,,,,,,,,,,,,,,,,,,,,,,,,,,,,,,,,,,,,,,,,,,,,,,,,,,,,,,,,,,,,,,,,,,,,,,,,,,,,,,,,,,,,,,,,,,,,,,,,,,,,,,,,,,,,,,,,,,,,,,,,,,,,,,,,,,,,,,,,,,,,,,,,,,,,,,,,,,,,,,,,,,,,,,,,,,,,,,,,,,,,,,,,,,,,,,,,,,,,,,,,,,,,,,,,,,,,,,,,,,,,,,,,,
JTT+G+I,119,4871.61229117771,3889.45293112072,-1825.22541292878,0.864750572103249,0.675323852975468,0.0769,0.0511,0.0425,0.0513,0.0203,0.0411,0.0618,0.0747,0.023,0.0526,0.0911,0.0595,0.0234,0.0405,0.0505,0.0682,0.0585,0.0143,0.0323,0.0664,,,,,,,,,,,,,,,,,,,,,,,,,,,,,,,,,,,,,,,,,,,,,,,,,,,,,,,,,,,,,,,,,,,,,,,,,,,,,,,,,,,,,,,,,,,,,,,,,,,,,,,,,,,,,,,,,,,,,,,,,,,,,,,,,,,,,,,,,,,,,,,,,,,,,,,,,,,,,,,,,,,,,,,,,,,,,,,,,,,,,,,,,,,,,,,,,,,,,,,,,,,,,,,,,,,,,,,,,,,,,,,,,,,,,,,,,,,,,,,,,,,,,,,,,,,,,,,,,,,,,,,,,,,,,,,,,,,,,,,,,,,,,,,,,,,,,,,,,,,,,,,,,,,,,,,,,,,,,,,,,,,,,,,,,,,,,,,,,,,,,,,,,,,,,,,,,,,,,,,,,,,,,,,,,,,,,,,,,,,,
Dayhoff+G+I,119,4872.13204933158,3889.9726892746,-1825.48529200572,0.861477444404767,0.544121333280171,0.0871,0.0409,0.0404,0.0469,0.0335,0.0383,0.0495,0.0886,0.0336,0.0369,0.0854,0.0805,0.0148,0.0398,0.0507,0.0696,0.0585,0.0105,0.0299,0.0647,,,,,,,,,,,,,,,,,,,,,,,,,,,,,,,,,,,,,,,,,,,,,,,,,,,,,,,,,,,,,,,,,,,,,,,,,,,,,,,,,,,,,,,,,,,,,,,,,,,,,,,,,,,,,,,,,,,,,,,,,,,,,,,,,,,,,,,,,,,,,,,,,,,,,,,,,,,,,,,,,,,,,,,,,,,,,,,,,,,,,,,,,,,,,,,,,,,,,,,,,,,,,,,,,,,,,,,,,,,,,,,,,,,,,,,,,,,,,,,,,,,,,,,,,,,,,,,,,,,,,,,,,,,,,,,,,,,,,,,,,,,,,,,,,,,,,,,,,,,,,,,,,,,,,,,,,,,,,,,,,,,,,,,,,,,,,,,,,,,,,,,,,,,,,,,,,,,,,,,,,,,,,,,,,,,,,,,,,,,,
WAG+I,118,4872.40572582932,3898.49149049671,-1830.75306078114,0.818272387609385,n/a,0.0866279,0.043972,0.0390894,0.0570451,0.0193078,0.0367281,0.0580589,0.0832518,0.0244313,0.048466,0.086209,0.0620286,0.0195027,0.0384319,0.0457631,0.0695179,0.0610127,0.0143859,0.0352742,0.0708956,,,,,,,,,,,,,,,,,,,,,,,,,,,,,,,,,,,,,,,,,,,,,,,,,,,,,,,,,,,,,,,,,,,,,,,,,,,,,,,,,,,,,,,,,,,,,,,,,,,,,,,,,,,,,,,,,,,,,,,,,,,,,,,,,,,,,,,,,,,,,,,,,,,,,,,,,,,,,,,,,,,,,,,,,,,,,,,,,,,,,,,,,,,,,,,,,,,,,,,,,,,,,,,,,,,,,,,,,,,,,,,,,,,,,,,,,,,,,,,,,,,,,,,,,,,,,,,,,,,,,,,,,,,,,,,,,,,,,,,,,,,,,,,,,,,,,,,,,,,,,,,,,,,,,,,,,,,,,,,,,,,,,,,,,,,,,,,,,,,,,,,,,,,,,,,,,,,,,,,,,,,,,,,,,,,,,,,,,,,,
LG+G+I,119,4872.51186740021,3890.35250734322,-1825.67520104003,0.864591318404682,0.626167124109052,0.079066,0.055941,0.041977,0.053052,0.012937,0.040767,0.071586,0.057337,0.022355,0.062157,0.099081,0.0646,0.022951,0.042302,0.04404,0.061197,0.053287,0.012066,0.034155,0.069147,,,,,,,,,,,,,,,,,,,,,,,,,,,,,,,,,,,,,,,,,,,,,,,,,,,,,,,,,,,,,,,,,,,,,,,,,,,,,,,,,,,,,,,,,,,,,,,,,,,,,,,,,,,,,,,,,,,,,,,,,,,,,,,,,,,,,,,,,,,,,,,,,,,,,,,,,,,,,,,,,,,,,,,,,,,,,,,,,,,,,,,,,,,,,,,,,,,,,,,,,,,,,,,,,,,,,,,,,,,,,,,,,,,,,,,,,,,,,,,,,,,,,,,,,,,,,,,,,,,,,,,,,,,,,,,,,,,,,,,,,,,,,,,,,,,,,,,,,,,,,,,,,,,,,,,,,,,,,,,,,,,,,,,,,,,,,,,,,,,,,,,,,,,,,,,,,,,,,,,,,,,,,,,,,,,,,,,,,,,,
JTT+I,118,4881.91988916494,3908.00565383233,-1835.51014244895,0.818272387609385,n/a,0.0769,0.0511,0.0425,0.0513,0.0203,0.0411,0.0618,0.0747,0.023,0.0526,0.0911,0.0595,0.0234,0.0405,0.0505,0.0682,0.0585,0.0143,0.0323,0.0664,,,,,,,,,,,,,,,,,,,,,,,,,,,,,,,,,,,,,,,,,,,,,,,,,,,,,,,,,,,,,,,,,,,,,,,,,,,,,,,,,,,,,,,,,,,,,,,,,,,,,,,,,,,,,,,,,,,,,,,,,,,,,,,,,,,,,,,,,,,,,,,,,,,,,,,,,,,,,,,,,,,,,,,,,,,,,,,,,,,,,,,,,,,,,,,,,,,,,,,,,,,,,,,,,,,,,,,,,,,,,,,,,,,,,,,,,,,,,,,,,,,,,,,,,,,,,,,,,,,,,,,,,,,,,,,,,,,,,,,,,,,,,,,,,,,,,,,,,,,,,,,,,,,,,,,,,,,,,,,,,,,,,,,,,,,,,,,,,,,,,,,,,,,,,,,,,,,,,,,,,,,,,,,,,,,,,,,,,,,,
LG+I,118,4883.38447623655,3909.47024090394,-1836.24243598476,0.818272387609385,n/a,0.079066,0.055941,0.041977,0.053052,0.012937,0.040767,0.071586,0.057337,0.022355,0.062157,0.099081,0.0646,0.022951,0.042302,0.04404,0.061197,0.053287,0.012066,0.034155,0.069147,,,,,,,,,,,,,,,,,,,,,,,,,,,,,,,,,,,,,,,,,,,,,,,,,,,,,,,,,,,,,,,,,,,,,,,,,,,,,,,,,,,,,,,,,,,,,,,,,,,,,,,,,,,,,,,,,,,,,,,,,,,,,,,,,,,,,,,,,,,,,,,,,,,,,,,,,,,,,,,,,,,,,,,,,,,,,,,,,,,,,,,,,,,,,,,,,,,,,,,,,,,,,,,,,,,,,,,,,,,,,,,,,,,,,,,,,,,,,,,,,,,,,,,,,,,,,,,,,,,,,,,,,,,,,,,,,,,,,,,,,,,,,,,,,,,,,,,,,,,,,,,,,,,,,,,,,,,,,,,,,,,,,,,,,,,,,,,,,,,,,,,,,,,,,,,,,,,,,,,,,,,,,,,,,,,,,,,,,,,,
cpREV+I,118,4883.46633318662,3909.55209785401,-1836.28336445979,0.889980353634578,n/a,0.0756,0.0621,0.041,0.0371,0.0091,0.0382,0.0495,0.0838,0.0246,0.0806,0.1011,0.0504,0.022,0.0506,0.0431,0.0622,0.0543,0.0181,0.0307,0.066,,,,,,,,,,,,,,,,,,,,,,,,,,,,,,,,,,,,,,,,,,,,,,,,,,,,,,,,,,,,,,,,,,,,,,,,,,,,,,,,,,,,,,,,,,,,,,,,,,,,,,,,,,,,,,,,,,,,,,,,,,,,,,,,,,,,,,,,,,,,,,,,,,,,,,,,,,,,,,,,,,,,,,,,,,,,,,,,,,,,,,,,,,,,,,,,,,,,,,,,,,,,,,,,,,,,,,,,,,,,,,,,,,,,,,,,,,,,,,,,,,,,,,,,,,,,,,,,,,,,,,,,,,,,,,,,,,,,,,,,,,,,,,,,,,,,,,,,,,,,,,,,,,,,,,,,,,,,,,,,,,,,,,,,,,,,,,,,,,,,,,,,,,,,,,,,,,,,,,,,,,,,,,,,,,,,,,,,,,,,
cpREV+G+I,119,4884.15353729232,3901.99417723534,-1831.49603598609,0.84940422587865,0.483950057814319,0.0756,0.0621,0.041,0.0371,0.0091,0.0382,0.0495,0.0838,0.0246,0.0806,0.1011,0.0504,0.022,0.0506,0.0431,0.0622,0.0543,0.0181,0.0307,0.066,,,,,,,,,,,,,,,,,,,,,,,,,,,,,,,,,,,,,,,,,,,,,,,,,,,,,,,,,,,,,,,,,,,,,,,,,,,,,,,,,,,,,,,,,,,,,,,,,,,,,,,,,,,,,,,,,,,,,,,,,,,,,,,,,,,,,,,,,,,,,,,,,,,,,,,,,,,,,,,,,,,,,,,,,,,,,,,,,,,,,,,,,,,,,,,,,,,,,,,,,,,,,,,,,,,,,,,,,,,,,,,,,,,,,,,,,,,,,,,,,,,,,,,,,,,,,,,,,,,,,,,,,,,,,,,,,,,,,,,,,,,,,,,,,,,,,,,,,,,,,,,,,,,,,,,,,,,,,,,,,,,,,,,,,,,,,,,,,,,,,,,,,,,,,,,,,,,,,,,,,,,,,,,,,,,,,,,,,,,,
Dayhoff+I,118,4884.9521609151,3911.03792558249,-1837.02627832403,0.818272387609385,n/a,0.0871,0.0409,0.0404,0.0469,0.0335,0.0383,0.0495,0.0886,0.0336,0.0369,0.0854,0.0805,0.0148,0.0398,0.0507,0.0696,0.0585,0.0105,0.0299,0.0647,,,,,,,,,,,,,,,,,,,,,,,,,,,,,,,,,,,,,,,,,,,,,,,,,,,,,,,,,,,,,,,,,,,,,,,,,,,,,,,,,,,,,,,,,,,,,,,,,,,,,,,,,,,,,,,,,,,,,,,,,,,,,,,,,,,,,,,,,,,,,,,,,,,,,,,,,,,,,,,,,,,,,,,,,,,,,,,,,,,,,,,,,,,,,,,,,,,,,,,,,,,,,,,,,,,,,,,,,,,,,,,,,,,,,,,,,,,,,,,,,,,,,,,,,,,,,,,,,,,,,,,,,,,,,,,,,,,,,,,,,,,,,,,,,,,,,,,,,,,,,,,,,,,,,,,,,,,,,,,,,,,,,,,,,,,,,,,,,,,,,,,,,,,,,,,,,,,,,,,,,,,,,,,,,,,,,,,,,,,,
rtREV+G+I,119,4908.38633358477,3926.22697352778,-1843.61243413231,0.850591144548912,0.523751134563807,0.0646,0.0453,0.0376,0.0422,0.0114,0.0606,0.0607,0.0639,0.0273,0.0679,0.1018,0.0751,0.015,0.0287,0.0681,0.0488,0.0622,0.0251,0.0318,0.0619,,,,,,,,,,,,,,,,,,,,,,,,,,,,,,,,,,,,,,,,,,,,,,,,,,,,,,,,,,,,,,,,,,,,,,,,,,,,,,,,,,,,,,,,,,,,,,,,,,,,,,,,,,,,,,,,,,,,,,,,,,,,,,,,,,,,,,,,,,,,,,,,,,,,,,,,,,,,,,,,,,,,,,,,,,,,,,,,,,,,,,,,,,,,,,,,,,,,,,,,,,,,,,,,,,,,,,,,,,,,,,,,,,,,,,,,,,,,,,,,,,,,,,,,,,,,,,,,,,,,,,,,,,,,,,,,,,,,,,,,,,,,,,,,,,,,,,,,,,,,,,,,,,,,,,,,,,,,,,,,,,,,,,,,,,,,,,,,,,,,,,,,,,,,,,,,,,,,,,,,,,,,,,,,,,,,,,,,,,,,
rtREV+I,118,4918.99294378234,3945.07870844973,-1854.04666975765,0.818272387609385,n/a,0.0646,0.0453,0.0376,0.0422,0.0114,0.0606,0.0607,0.0639,0.0273,0.0679,0.1018,0.0751,0.015,0.0287,0.0681,0.0488,0.0622,0.0251,0.0318,0.0619,,,,,,,,,,,,,,,,,,,,,,,,,,,,,,,,,,,,,,,,,,,,,,,,,,,,,,,,,,,,,,,,,,,,,,,,,,,,,,,,,,,,,,,,,,,,,,,,,,,,,,,,,,,,,,,,,,,,,,,,,,,,,,,,,,,,,,,,,,,,,,,,,,,,,,,,,,,,,,,,,,,,,,,,,,,,,,,,,,,,,,,,,,,,,,,,,,,,,,,,,,,,,,,,,,,,,,,,,,,,,,,,,,,,,,,,,,,,,,,,,,,,,,,,,,,,,,,,,,,,,,,,,,,,,,,,,,,,,,,,,,,,,,,,,,,,,,,,,,,,,,,,,,,,,,,,,,,,,,,,,,,,,,,,,,,,,,,,,,,,,,,,,,,,,,,,,,,,,,,,,,,,,,,,,,,,,,,,,,,,
LG+G+I+F,138,5017.31283391652,3878.52301185262,-1800.58800429364,0.871630563716119,0.6735217741246,0.0925227113906359,0.0584905660377359,0.0314465408805031,0.0548567435359888,0.0192173305380853,0.0252271139063592,0.0727463312368973,0.0988120195667365,0.0315164220824598,0.0427323549965059,0.0863382250174703,0.0504891684136967,0.0170859538784067,0.046261355695318,0.0502795248078267,0.0380852550663871,0.0676450034940601,0.0167714884696017,0.0356044723969252,0.0707547169811321,,,,,,,,,,,,,,,,,,,,,,,,,,,,,,,,,,,,,,,,,,,,,,,,,,,,,,,,,,,,,,,,,,,,,,,,,,,,,,,,,,,,,,,,,,,,,,,,,,,,,,,,,,,,,,,,,,,,,,,,,,,,,,,,,,,,,,,,,,,,,,,,,,,,,,,,,,,,,,,,,,,,,,,,,,,,,,,,,,,,,,,,,,,,,,,,,,,,,,,,,,,,,,,,,,,,,,,,,,,,,,,,,,,,,,,,,,,,,,,,,,,,,,,,,,,,,,,,,,,,,,,,,,,,,,,,,,,,,,,,,,,,,,,,,,,,,,,,,,,,,,,,,,,,,,,,,,,,,,,,,,,,,,,,,,,,,,,,,,,,,,,,,,,,,,,,,,,,,,,,,,,,,,,,,,,,,,,,,,,,
Dayhoff+I+F,137,5018.3318589543,3887.78446998889,-1806.22844733908,0.889980353634578,n/a,0.0925227113906359,0.0584905660377359,0.0314465408805031,0.0548567435359888,0.0192173305380853,0.0252271139063592,0.0727463312368973,0.0988120195667365,0.0315164220824598,0.0427323549965059,0.0863382250174703,0.0504891684136967,0.0170859538784067,0.046261355695318,0.0502795248078267,0.0380852550663871,0.0676450034940601,0.0167714884696017,0.0356044723969252,0.0707547169811321,,,,,,,,,,,,,,,,,,,,,,,,,,,,,,,,,,,,,,,,,,,,,,,,,,,,,,,,,,,,,,,,,,,,,,,,,,,,,,,,,,,,,,,,,,,,,,,,,,,,,,,,,,,,,,,,,,,,,,,,,,,,,,,,,,,,,,,,,,,,,,,,,,,,,,,,,,,,,,,,,,,,,,,,,,,,,,,,,,,,,,,,,,,,,,,,,,,,,,,,,,,,,,,,,,,,,,,,,,,,,,,,,,,,,,,,,,,,,,,,,,,,,,,,,,,,,,,,,,,,,,,,,,,,,,,,,,,,,,,,,,,,,,,,,,,,,,,,,,,,,,,,,,,,,,,,,,,,,,,,,,,,,,,,,,,,,,,,,,,,,,,,,,,,,,,,,,,,,,,,,,,,,,,,,,,,,,,,,,,,
rtREV+G+I+F,138,5019.07793211441,3880.28811005051,-1801.47055339259,0.870882883588765,0.637460150765775,0.0925227113906359,0.0584905660377359,0.0314465408805031,0.0548567435359888,0.0192173305380853,0.0252271139063592,0.0727463312368973,0.0988120195667365,0.0315164220824598,0.0427323549965059,0.0863382250174703,0.0504891684136967,0.0170859538784067,0.046261355695318,0.0502795248078267,0.0380852550663871,0.0676450034940601,0.0167714884696017,0.0356044723969252,0.0707547169811321,,,,,,,,,,,,,,,,,,,,,,,,,,,,,,,,,,,,,,,,,,,,,,,,,,,,,,,,,,,,,,,,,,,,,,,,,,,,,,,,,,,,,,,,,,,,,,,,,,,,,,,,,,,,,,,,,,,,,,,,,,,,,,,,,,,,,,,,,,,,,,,,,,,,,,,,,,,,,,,,,,,,,,,,,,,,,,,,,,,,,,,,,,,,,,,,,,,,,,,,,,,,,,,,,,,,,,,,,,,,,,,,,,,,,,,,,,,,,,,,,,,,,,,,,,,,,,,,,,,,,,,,,,,,,,,,,,,,,,,,,,,,,,,,,,,,,,,,,,,,,,,,,,,,,,,,,,,,,,,,,,,,,,,,,,,,,,,,,,,,,,,,,,,,,,,,,,,,,,,,,,,,,,,,,,,,,,,,,,,,
Dayhoff+G+I+F,138,5019.42526837836,3880.63544631445,-1801.64422152456,0.866238173127598,0.584260974516805,0.0925227113906359,0.0584905660377359,0.0314465408805031,0.0548567435359888,0.0192173305380853,0.0252271139063592,0.0727463312368973,0.0988120195667365,0.0315164220824598,0.0427323549965059,0.0863382250174703,0.0504891684136967,0.0170859538784067,0.046261355695318,0.0502795248078267,0.0380852550663871,0.0676450034940601,0.0167714884696017,0.0356044723969252,0.0707547169811321,,,,,,,,,,,,,,,,,,,,,,,,,,,,,,,,,,,,,,,,,,,,,,,,,,,,,,,,,,,,,,,,,,,,,,,,,,,,,,,,,,,,,,,,,,,,,,,,,,,,,,,,,,,,,,,,,,,,,,,,,,,,,,,,,,,,,,,,,,,,,,,,,,,,,,,,,,,,,,,,,,,,,,,,,,,,,,,,,,,,,,,,,,,,,,,,,,,,,,,,,,,,,,,,,,,,,,,,,,,,,,,,,,,,,,,,,,,,,,,,,,,,,,,,,,,,,,,,,,,,,,,,,,,,,,,,,,,,,,,,,,,,,,,,,,,,,,,,,,,,,,,,,,,,,,,,,,,,,,,,,,,,,,,,,,,,,,,,,,,,,,,,,,,,,,,,,,,,,,,,,,,,,,,,,,,,,,,,,,,,
JTT+G+I+F,138,5023.56002178934,3884.77019972543,-1803.71159823005,0.873643153853696,0.767326432987057,0.0925227113906359,0.0584905660377359,0.0314465408805031,0.0548567435359888,0.0192173305380853,0.0252271139063592,0.0727463312368973,0.0988120195667365,0.0315164220824598,0.0427323549965059,0.0863382250174703,0.0504891684136967,0.0170859538784067,0.046261355695318,0.0502795248078267,0.0380852550663871,0.0676450034940601,0.0167714884696017,0.0356044723969252,0.0707547169811321,,,,,,,,,,,,,,,,,,,,,,,,,,,,,,,,,,,,,,,,,,,,,,,,,,,,,,,,,,,,,,,,,,,,,,,,,,,,,,,,,,,,,,,,,,,,,,,,,,,,,,,,,,,,,,,,,,,,,,,,,,,,,,,,,,,,,,,,,,,,,,,,,,,,,,,,,,,,,,,,,,,,,,,,,,,,,,,,,,,,,,,,,,,,,,,,,,,,,,,,,,,,,,,,,,,,,,,,,,,,,,,,,,,,,,,,,,,,,,,,,,,,,,,,,,,,,,,,,,,,,,,,,,,,,,,,,,,,,,,,,,,,,,,,,,,,,,,,,,,,,,,,,,,,,,,,,,,,,,,,,,,,,,,,,,,,,,,,,,,,,,,,,,,,,,,,,,,,,,,,,,,,,,,,,,,,,,,,,,,,
cpREV+G+I+F,138,5023.80794849632,3885.01812643241,-1803.83556158354,0.856204481685796,0.474541076101641,0.0925227113906359,0.0584905660377359,0.0314465408805031,0.0548567435359888,0.0192173305380853,0.0252271139063592,0.0727463312368973,0.0988120195667365,0.0315164220824598,0.0427323549965059,0.0863382250174703,0.0504891684136967,0.0170859538784067,0.046261355695318,0.0502795248078267,0.0380852550663871,0.0676450034940601,0.0167714884696017,0.0356044723969252,0.0707547169811321,,,,,,,,,,,,,,,,,,,,,,,,,,,,,,,,,,,,,,,,,,,,,,,,,,,,,,,,,,,,,,,,,,,,,,,,,,,,,,,,,,,,,,,,,,,,,,,,,,,,,,,,,,,,,,,,,,,,,,,,,,,,,,,,,,,,,,,,,,,,,,,,,,,,,,,,,,,,,,,,,,,,,,,,,,,,,,,,,,,,,,,,,,,,,,,,,,,,,,,,,,,,,,,,,,,,,,,,,,,,,,,,,,,,,,,,,,,,,,,,,,,,,,,,,,,,,,,,,,,,,,,,,,,,,,,,,,,,,,,,,,,,,,,,,,,,,,,,,,,,,,,,,,,,,,,,,,,,,,,,,,,,,,,,,,,,,,,,,,,,,,,,,,,,,,,,,,,,,,,,,,,,,,,,,,,,,,,,,,,,
WAG+G+I+F,138,5024.25184418362,3885.46202211971,-1804.05750942719,0.867627776749279,0.602403366387525,0.0925227113906359,0.0584905660377359,0.0314465408805031,0.0548567435359888,0.0192173305380853,0.0252271139063592,0.0727463312368973,0.0988120195667365,0.0315164220824598,0.0427323549965059,0.0863382250174703,0.0504891684136967,0.0170859538784067,0.046261355695318,0.0502795248078267,0.0380852550663871,0.0676450034940601,0.0167714884696017,0.0356044723969252,0.0707547169811321,,,,,,,,,,,,,,,,,,,,,,,,,,,,,,,,,,,,,,,,,,,,,,,,,,,,,,,,,,,,,,,,,,,,,,,,,,,,,,,,,,,,,,,,,,,,,,,,,,,,,,,,,,,,,,,,,,,,,,,,,,,,,,,,,,,,,,,,,,,,,,,,,,,,,,,,,,,,,,,,,,,,,,,,,,,,,,,,,,,,,,,,,,,,,,,,,,,,,,,,,,,,,,,,,,,,,,,,,,,,,,,,,,,,,,,,,,,,,,,,,,,,,,,,,,,,,,,,,,,,,,,,,,,,,,,,,,,,,,,,,,,,,,,,,,,,,,,,,,,,,,,,,,,,,,,,,,,,,,,,,,,,,,,,,,,,,,,,,,,,,,,,,,,,,,,,,,,,,,,,,,,,,,,,,,,,,,,,,,,,
cpREV+I+F,137,5025.01011607077,3894.46272710536,-1809.56757589732,0.889980353634578,n/a,0.0925227113906359,0.0584905660377359,0.0314465408805031,0.0548567435359888,0.0192173305380853,0.0252271139063592,0.0727463312368973,0.0988120195667365,0.0315164220824598,0.0427323549965059,0.0863382250174703,0.0504891684136967,0.0170859538784067,0.046261355695318,0.0502795248078267,0.0380852550663871,0.0676450034940601,0.0167714884696017,0.0356044723969252,0.0707547169811321,,,,,,,,,,,,,,,,,,,,,,,,,,,,,,,,,,,,,,,,,,,,,,,,,,,,,,,,,,,,,,,,,,,,,,,,,,,,,,,,,,,,,,,,,,,,,,,,,,,,,,,,,,,,,,,,,,,,,,,,,,,,,,,,,,,,,,,,,,,,,,,,,,,,,,,,,,,,,,,,,,,,,,,,,,,,,,,,,,,,,,,,,,,,,,,,,,,,,,,,,,,,,,,,,,,,,,,,,,,,,,,,,,,,,,,,,,,,,,,,,,,,,,,,,,,,,,,,,,,,,,,,,,,,,,,,,,,,,,,,,,,,,,,,,,,,,,,,,,,,,,,,,,,,,,,,,,,,,,,,,,,,,,,,,,,,,,,,,,,,,,,,,,,,,,,,,,,,,,,,,,,,,,,,,,,,,,,,,,,,
LG+I+F,137,5028.82876130426,3898.28137233885,-1811.47689851406,0.818272387609385,n/a,0.0925227113906359,0.0584905660377359,0.0314465408805031,0.0548567435359888,0.0192173305380853,0.0252271139063592,0.0727463312368973,0.0988120195667365,0.0315164220824598,0.0427323549965059,0.0863382250174703,0.0504891684136967,0.0170859538784067,0.046261355695318,0.0502795248078267,0.0380852550663871,0.0676450034940601,0.0167714884696017,0.0356044723969252,0.0707547169811321,,,,,,,,,,,,,,,,,,,,,,,,,,,,,,,,,,,,,,,,,,,,,,,,,,,,,,,,,,,,,,,,,,,,,,,,,,,,,,,,,,,,,,,,,,,,,,,,,,,,,,,,,,,,,,,,,,,,,,,,,,,,,,,,,,,,,,,,,,,,,,,,,,,,,,,,,,,,,,,,,,,,,,,,,,,,,,,,,,,,,,,,,,,,,,,,,,,,,,,,,,,,,,,,,,,,,,,,,,,,,,,,,,,,,,,,,,,,,,,,,,,,,,,,,,,,,,,,,,,,,,,,,,,,,,,,,,,,,,,,,,,,,,,,,,,,,,,,,,,,,,,,,,,,,,,,,,,,,,,,,,,,,,,,,,,,,,,,,,,,,,,,,,,,,,,,,,,,,,,,,,,,,,,,,,,,,,,,,,,,
rtREV+I+F,137,5031.15004740701,3900.6026584416,-1812.63754156544,0.818272387609385,n/a,0.0925227113906359,0.0584905660377359,0.0314465408805031,0.0548567435359888,0.0192173305380853,0.0252271139063592,0.0727463312368973,0.0988120195667365,0.0315164220824598,0.0427323549965059,0.0863382250174703,0.0504891684136967,0.0170859538784067,0.046261355695318,0.0502795248078267,0.0380852550663871,0.0676450034940601,0.0167714884696017,0.0356044723969252,0.0707547169811321,,,,,,,,,,,,,,,,,,,,,,,,,,,,,,,,,,,,,,,,,,,,,,,,,,,,,,,,,,,,,,,,,,,,,,,,,,,,,,,,,,,,,,,,,,,,,,,,,,,,,,,,,,,,,,,,,,,,,,,,,,,,,,,,,,,,,,,,,,,,,,,,,,,,,,,,,,,,,,,,,,,,,,,,,,,,,,,,,,,,,,,,,,,,,,,,,,,,,,,,,,,,,,,,,,,,,,,,,,,,,,,,,,,,,,,,,,,,,,,,,,,,,,,,,,,,,,,,,,,,,,,,,,,,,,,,,,,,,,,,,,,,,,,,,,,,,,,,,,,,,,,,,,,,,,,,,,,,,,,,,,,,,,,,,,,,,,,,,,,,,,,,,,,,,,,,,,,,,,,,,,,,,,,,,,,,,,,,,,,,
JTT+I+F,137,5034.33460661986,3903.78721765446,-1814.22982117187,0.818272387609385,n/a,0.0925227113906359,0.0584905660377359,0.0314465408805031,0.0548567435359888,0.0192173305380853,0.0252271139063592,0.0727463312368973,0.0988120195667365,0.0315164220824598,0.0427323549965059,0.0863382250174703,0.0504891684136967,0.0170859538784067,0.046261355695318,0.0502795248078267,0.0380852550663871,0.0676450034940601,0.0167714884696017,0.0356044723969252,0.0707547169811321,,,,,,,,,,,,,,,,,,,,,,,,,,,,,,,,,,,,,,,,,,,,,,,,,,,,,,,,,,,,,,,,,,,,,,,,,,,,,,,,,,,,,,,,,,,,,,,,,,,,,,,,,,,,,,,,,,,,,,,,,,,,,,,,,,,,,,,,,,,,,,,,,,,,,,,,,,,,,,,,,,,,,,,,,,,,,,,,,,,,,,,,,,,,,,,,,,,,,,,,,,,,,,,,,,,,,,,,,,,,,,,,,,,,,,,,,,,,,,,,,,,,,,,,,,,,,,,,,,,,,,,,,,,,,,,,,,,,,,,,,,,,,,,,,,,,,,,,,,,,,,,,,,,,,,,,,,,,,,,,,,,,,,,,,,,,,,,,,,,,,,,,,,,,,,,,,,,,,,,,,,,,,,,,,,,,,,,,,,,,
WAG+I+F,137,5036.56459353678,3906.01720457137,-1815.34481463032,0.818272387609385,n/a,0.0925227113906359,0.0584905660377359,0.0314465408805031,0.0548567435359888,0.0192173305380853,0.0252271139063592,0.0727463312368973,0.0988120195667365,0.0315164220824598,0.0427323549965059,0.0863382250174703,0.0504891684136967,0.0170859538784067,0.046261355695318,0.0502795248078267,0.0380852550663871,0.0676450034940601,0.0167714884696017,0.0356044723969252,0.0707547169811321,,,,,,,,,,,,,,,,,,,,,,,,,,,,,,,,,,,,,,,,,,,,,,,,,,,,,,,,,,,,,,,,,,,,,,,,,,,,,,,,,,,,,,,,,,,,,,,,,,,,,,,,,,,,,,,,,,,,,,,,,,,,,,,,,,,,,,,,,,,,,,,,,,,,,,,,,,,,,,,,,,,,,,,,,,,,,,,,,,,,,,,,,,,,,,,,,,,,,,,,,,,,,,,,,,,,,,,,,,,,,,,,,,,,,,,,,,,,,,,,,,,,,,,,,,,,,,,,,,,,,,,,,,,,,,,,,,,,,,,,,,,,,,,,,,,,,,,,,,,,,,,,,,,,,,,,,,,,,,,,,,,,,,,,,,,,,,,,,,,,,,,,,,,,,,,,,,,,,,,,,,,,,,,,,,,,,,,,,,,,
mtREV24+G+I+F,138,5047.27724824617,3908.48742618226,-1815.57021145846,0.865886342510957,0.453808091618766,0.0925227113906359,0.0584905660377359,0.0314465408805031,0.0548567435359888,0.0192173305380853,0.0252271139063592,0.0727463312368973,0.0988120195667365,0.0315164220824598,0.0427323549965059,0.0863382250174703,0.0504891684136967,0.0170859538784067,0.046261355695318,0.0502795248078267,0.0380852550663871,0.0676450034940601,0.0167714884696017,0.0356044723969252,0.0707547169811321,,,,,,,,,,,,,,,,,,,,,,,,,,,,,,,,,,,,,,,,,,,,,,,,,,,,,,,,,,,,,,,,,,,,,,,,,,,,,,,,,,,,,,,,,,,,,,,,,,,,,,,,,,,,,,,,,,,,,,,,,,,,,,,,,,,,,,,,,,,,,,,,,,,,,,,,,,,,,,,,,,,,,,,,,,,,,,,,,,,,,,,,,,,,,,,,,,,,,,,,,,,,,,,,,,,,,,,,,,,,,,,,,,,,,,,,,,,,,,,,,,,,,,,,,,,,,,,,,,,,,,,,,,,,,,,,,,,,,,,,,,,,,,,,,,,,,,,,,,,,,,,,,,,,,,,,,,,,,,,,,,,,,,,,,,,,,,,,,,,,,,,,,,,,,,,,,,,,,,,,,,,,,,,,,,,,,,,,,,,,
mtREV24+I+F,137,5050.5374057797,3919.99001681429,-1822.33122075178,0.889980353634578,n/a,0.0925227113906359,0.0584905660377359,0.0314465408805031,0.0548567435359888,0.0192173305380853,0.0252271139063592,0.0727463312368973,0.0988120195667365,0.0315164220824598,0.0427323549965059,0.0863382250174703,0.0504891684136967,0.0170859538784067,0.046261355695318,0.0502795248078267,0.0380852550663871,0.0676450034940601,0.0167714884696017,0.0356044723969252,0.0707547169811321,,,,,,,,,,,,,,,,,,,,,,,,,,,,,,,,,,,,,,,,,,,,,,,,,,,,,,,,,,,,,,,,,,,,,,,,,,,,,,,,,,,,,,,,,,,,,,,,,,,,,,,,,,,,,,,,,,,,,,,,,,,,,,,,,,,,,,,,,,,,,,,,,,,,,,,,,,,,,,,,,,,,,,,,,,,,,,,,,,,,,,,,,,,,,,,,,,,,,,,,,,,,,,,,,,,,,,,,,,,,,,,,,,,,,,,,,,,,,,,,,,,,,,,,,,,,,,,,,,,,,,,,,,,,,,,,,,,,,,,,,,,,,,,,,,,,,,,,,,,,,,,,,,,,,,,,,,,,,,,,,,,,,,,,,,,,,,,,,,,,,,,,,,,,,,,,,,,,,,,,,,,,,,,,,,,,,,,,,,,,
WAG+G,118,5065.22553202231,4091.3112966897,-1927.16296387764,n/a,0.0446144548521646,0.0866279,0.043972,0.0390894,0.0570451,0.0193078,0.0367281,0.0580589,0.0832518,0.0244313,0.048466,0.086209,0.0620286,0.0195027,0.0384319,0.0457631,0.0695179,0.0610127,0.0143859,0.0352742,0.0708956,,,,,,,,,,,,,,,,,,,,,,,,,,,,,,,,,,,,,,,,,,,,,,,,,,,,,,,,,,,,,,,,,,,,,,,,,,,,,,,,,,,,,,,,,,,,,,,,,,,,,,,,,,,,,,,,,,,,,,,,,,,,,,,,,,,,,,,,,,,,,,,,,,,,,,,,,,,,,,,,,,,,,,,,,,,,,,,,,,,,,,,,,,,,,,,,,,,,,,,,,,,,,,,,,,,,,,,,,,,,,,,,,,,,,,,,,,,,,,,,,,,,,,,,,,,,,,,,,,,,,,,,,,,,,,,,,,,,,,,,,,,,,,,,,,,,,,,,,,,,,,,,,,,,,,,,,,,,,,,,,,,,,,,,,,,,,,,,,,,,,,,,,,,,,,,,,,,,,,,,,,,,,,,,,,,,,,,,,,,,
JTT+G,118,5069.84554450978,4095.93130917717,-1929.47297012138,n/a,0.0441509676855836,0.0769,0.0511,0.0425,0.0513,0.0203,0.0411,0.0618,0.0747,0.023,0.0526,0.0911,0.0595,0.0234,0.0405,0.0505,0.0682,0.0585,0.0143,0.0323,0.0664,,,,,,,,,,,,,,,,,,,,,,,,,,,,,,,,,,,,,,,,,,,,,,,,,,,,,,,,,,,,,,,,,,,,,,,,,,,,,,,,,,,,,,,,,,,,,,,,,,,,,,,,,,,,,,,,,,,,,,,,,,,,,,,,,,,,,,,,,,,,,,,,,,,,,,,,,,,,,,,,,,,,,,,,,,,,,,,,,,,,,,,,,,,,,,,,,,,,,,,,,,,,,,,,,,,,,,,,,,,,,,,,,,,,,,,,,,,,,,,,,,,,,,,,,,,,,,,,,,,,,,,,,,,,,,,,,,,,,,,,,,,,,,,,,,,,,,,,,,,,,,,,,,,,,,,,,,,,,,,,,,,,,,,,,,,,,,,,,,,,,,,,,,,,,,,,,,,,,,,,,,,,,,,,,,,,,,,,,,,,
Dayhoff+G,118,5070.11645248092,4096.20221714831,-1929.60842410694,n/a,0.0443614769044369,0.0871,0.0409,0.0404,0.0469,0.0335,0.0383,0.0495,0.0886,0.0336,0.0369,0.0854,0.0805,0.0148,0.0398,0.0507,0.0696,0.0585,0.0105,0.0299,0.0647,,,,,,,,,,,,,,,,,,,,,,,,,,,,,,,,,,,,,,,,,,,,,,,,,,,,,,,,,,,,,,,,,,,,,,,,,,,,,,,,,,,,,,,,,,,,,,,,,,,,,,,,,,,,,,,,,,,,,,,,,,,,,,,,,,,,,,,,,,,,,,,,,,,,,,,,,,,,,,,,,,,,,,,,,,,,,,,,,,,,,,,,,,,,,,,,,,,,,,,,,,,,,,,,,,,,,,,,,,,,,,,,,,,,,,,,,,,,,,,,,,,,,,,,,,,,,,,,,,,,,,,,,,,,,,,,,,,,,,,,,,,,,,,,,,,,,,,,,,,,,,,,,,,,,,,,,,,,,,,,,,,,,,,,,,,,,,,,,,,,,,,,,,,,,,,,,,,,,,,,,,,,,,,,,,,,,,,,,,,,
mtREV24+I,118,5073.17333653363,4099.25910120102,-1931.1368661333,0.889980353634578,n/a,0.072,0.019,0.039,0.019,0.006,0.025,0.024,0.056,0.028,0.087,0.168,0.023,0.053,0.06,0.055,0.072,0.088,0.029,0.033,0.044,,,,,,,,,,,,,,,,,,,,,,,,,,,,,,,,,,,,,,,,,,,,,,,,,,,,,,,,,,,,,,,,,,,,,,,,,,,,,,,,,,,,,,,,,,,,,,,,,,,,,,,,,,,,,,,,,,,,,,,,,,,,,,,,,,,,,,,,,,,,,,,,,,,,,,,,,,,,,,,,,,,,,,,,,,,,,,,,,,,,,,,,,,,,,,,,,,,,,,,,,,,,,,,,,,,,,,,,,,,,,,,,,,,,,,,,,,,,,,,,,,,,,,,,,,,,,,,,,,,,,,,,,,,,,,,,,,,,,,,,,,,,,,,,,,,,,,,,,,,,,,,,,,,,,,,,,,,,,,,,,,,,,,,,,,,,,,,,,,,,,,,,,,,,,,,,,,,,,,,,,,,,,,,,,,,,,,,,,,,,
mtREV24+G+I,119,5073.90037872671,4091.74101866972,-1926.36945670328,0.860507107731338,0.531902449349935,0.072,0.019,0.039,0.019,0.006,0.025,0.024,0.056,0.028,0.087,0.168,0.023,0.053,0.06,0.055,0.072,0.088,0.029,0.033,0.044,,,,,,,,,,,,,,,,,,,,,,,,,,,,,,,,,,,,,,,,,,,,,,,,,,,,,,,,,,,,,,,,,,,,,,,,,,,,,,,,,,,,,,,,,,,,,,,,,,,,,,,,,,,,,,,,,,,,,,,,,,,,,,,,,,,,,,,,,,,,,,,,,,,,,,,,,,,,,,,,,,,,,,,,,,,,,,,,,,,,,,,,,,,,,,,,,,,,,,,,,,,,,,,,,,,,,,,,,,,,,,,,,,,,,,,,,,,,,,,,,,,,,,,,,,,,,,,,,,,,,,,,,,,,,,,,,,,,,,,,,,,,,,,,,,,,,,,,,,,,,,,,,,,,,,,,,,,,,,,,,,,,,,,,,,,,,,,,,,,,,,,,,,,,,,,,,,,,,,,,,,,,,,,,,,,,,,,,,,,,
LG+G,118,5079.72296438774,4105.80872905513,-1934.41168006035,n/a,0.0441233166686078,0.079066,0.055941,0.041977,0.053052,0.012937,0.040767,0.071586,0.057337,0.022355,0.062157,0.099081,0.0646,0.022951,0.042302,0.04404,0.061197,0.053287,0.012066,0.034155,0.069147,,,,,,,,,,,,,,,,,,,,,,,,,,,,,,,,,,,,,,,,,,,,,,,,,,,,,,,,,,,,,,,,,,,,,,,,,,,,,,,,,,,,,,,,,,,,,,,,,,,,,,,,,,,,,,,,,,,,,,,,,,,,,,,,,,,,,,,,,,,,,,,,,,,,,,,,,,,,,,,,,,,,,,,,,,,,,,,,,,,,,,,,,,,,,,,,,,,,,,,,,,,,,,,,,,,,,,,,,,,,,,,,,,,,,,,,,,,,,,,,,,,,,,,,,,,,,,,,,,,,,,,,,,,,,,,,,,,,,,,,,,,,,,,,,,,,,,,,,,,,,,,,,,,,,,,,,,,,,,,,,,,,,,,,,,,,,,,,,,,,,,,,,,,,,,,,,,,,,,,,,,,,,,,,,,,,,,,,,,,,
cpREV+G,118,5095.0545312396,4121.14029590699,-1942.07746348629,n/a,0.0443614769044369,0.0756,0.0621,0.041,0.0371,0.0091,0.0382,0.0495,0.0838,0.0246,0.0806,0.1011,0.0504,0.022,0.0506,0.0431,0.0622,0.0543,0.0181,0.0307,0.066,,,,,,,,,,,,,,,,,,,,,,,,,,,,,,,,,,,,,,,,,,,,,,,,,,,,,,,,,,,,,,,,,,,,,,,,,,,,,,,,,,,,,,,,,,,,,,,,,,,,,,,,,,,,,,,,,,,,,,,,,,,,,,,,,,,,,,,,,,,,,,,,,,,,,,,,,,,,,,,,,,,,,,,,,,,,,,,,,,,,,,,,,,,,,,,,,,,,,,,,,,,,,,,,,,,,,,,,,,,,,,,,,,,,,,,,,,,,,,,,,,,,,,,,,,,,,,,,,,,,,,,,,,,,,,,,,,,,,,,,,,,,,,,,,,,,,,,,,,,,,,,,,,,,,,,,,,,,,,,,,,,,,,,,,,,,,,,,,,,,,,,,,,,,,,,,,,,,,,,,,,,,,,,,,,,,,,,,,,,,
Poisson+G+I,119,5098.50009634939,4116.34073629241,-1938.66931551462,0.842325202121801,0.438494067970087,0.05,0.05,0.05,0.05,0.05,0.05,0.05,0.05,0.05,0.05,0.05,0.05,0.05,0.05,0.05,0.05,0.05,0.05,0.05,0.05,,,,,,,,,,,,,,,,,,,,,,,,,,,,,,,,,,,,,,,,,,,,,,,,,,,,,,,,,,,,,,,,,,,,,,,,,,,,,,,,,,,,,,,,,,,,,,,,,,,,,,,,,,,,,,,,,,,,,,,,,,,,,,,,,,,,,,,,,,,,,,,,,,,,,,,,,,,,,,,,,,,,,,,,,,,,,,,,,,,,,,,,,,,,,,,,,,,,,,,,,,,,,,,,,,,,,,,,,,,,,,,,,,,,,,,,,,,,,,,,,,,,,,,,,,,,,,,,,,,,,,,,,,,,,,,,,,,,,,,,,,,,,,,,,,,,,,,,,,,,,,,,,,,,,,,,,,,,,,,,,,,,,,,,,,,,,,,,,,,,,,,,,,,,,,,,,,,,,,,,,,,,,,,,,,,,,,,,,,,,
Poisson+I,118,5112.62046778225,4138.70623244965,-1950.86043175761,0.818272387609385,n/a,0.05,0.05,0.05,0.05,0.05,0.05,0.05,0.05,0.05,0.05,0.05,0.05,0.05,0.05,0.05,0.05,0.05,0.05,0.05,0.05,,,,,,,,,,,,,,,,,,,,,,,,,,,,,,,,,,,,,,,,,,,,,,,,,,,,,,,,,,,,,,,,,,,,,,,,,,,,,,,,,,,,,,,,,,,,,,,,,,,,,,,,,,,,,,,,,,,,,,,,,,,,,,,,,,,,,,,,,,,,,,,,,,,,,,,,,,,,,,,,,,,,,,,,,,,,,,,,,,,,,,,,,,,,,,,,,,,,,,,,,,,,,,,,,,,,,,,,,,,,,,,,,,,,,,,,,,,,,,,,,,,,,,,,,,,,,,,,,,,,,,,,,,,,,,,,,,,,,,,,,,,,,,,,,,,,,,,,,,,,,,,,,,,,,,,,,,,,,,,,,,,,,,,,,,,,,,,,,,,,,,,,,,,,,,,,,,,,,,,,,,,,,,,,,,,,,,,,,,,,
rtREV+G,118,5119.4936535835,4145.57941825089,-1954.29702465823,n/a,0.0448095726307444,0.0646,0.0453,0.0376,0.0422,0.0114,0.0606,0.0607,0.0639,0.0273,0.0679,0.1018,0.0751,0.015,0.0287,0.0681,0.0488,0.0622,0.0251,0.0318,0.0619,,,,,,,,,,,,,,,,,,,,,,,,,,,,,,,,,,,,,,,,,,,,,,,,,,,,,,,,,,,,,,,,,,,,,,,,,,,,,,,,,,,,,,,,,,,,,,,,,,,,,,,,,,,,,,,,,,,,,,,,,,,,,,,,,,,,,,,,,,,,,,,,,,,,,,,,,,,,,,,,,,,,,,,,,,,,,,,,,,,,,,,,,,,,,,,,,,,,,,,,,,,,,,,,,,,,,,,,,,,,,,,,,,,,,,,,,,,,,,,,,,,,,,,,,,,,,,,,,,,,,,,,,,,,,,,,,,,,,,,,,,,,,,,,,,,,,,,,,,,,,,,,,,,,,,,,,,,,,,,,,,,,,,,,,,,,,,,,,,,,,,,,,,,,,,,,,,,,,,,,,,,,,,,,,,,,,,,,,,,,
Poisson+G+I+F,138,5123.06379854692,3984.27397648301,-1853.46348660884,0.88987130437759,0.891734529608957,0.0925227113906359,0.0584905660377359,0.0314465408805031,0.0548567435359888,0.0192173305380853,0.0252271139063592,0.0727463312368973,0.0988120195667365,0.0315164220824598,0.0427323549965059,0.0863382250174703,0.0504891684136967,0.0170859538784067,0.046261355695318,0.0502795248078267,0.0380852550663871,0.0676450034940601,0.0167714884696017,0.0356044723969252,0.0707547169811321,,,,,,,,,,,,,,,,,,,,,,,,,,,,,,,,,,,,,,,,,,,,,,,,,,,,,,,,,,,,,,,,,,,,,,,,,,,,,,,,,,,,,,,,,,,,,,,,,,,,,,,,,,,,,,,,,,,,,,,,,,,,,,,,,,,,,,,,,,,,,,,,,,,,,,,,,,,,,,,,,,,,,,,,,,,,,,,,,,,,,,,,,,,,,,,,,,,,,,,,,,,,,,,,,,,,,,,,,,,,,,,,,,,,,,,,,,,,,,,,,,,,,,,,,,,,,,,,,,,,,,,,,,,,,,,,,,,,,,,,,,,,,,,,,,,,,,,,,,,,,,,,,,,,,,,,,,,,,,,,,,,,,,,,,,,,,,,,,,,,,,,,,,,,,,,,,,,,,,,,,,,,,,,,,,,,,,,,,,,,
Poisson+I+F,137,5139.04036670609,4008.49297774068,-1866.58270121498,0.818272387609385,n/a,0.0925227113906359,0.0584905660377359,0.0314465408805031,0.0548567435359888,0.0192173305380853,0.0252271139063592,0.0727463312368973,0.0988120195667365,0.0315164220824598,0.0427323549965059,0.0863382250174703,0.0504891684136967,0.0170859538784067,0.046261355695318,0.0502795248078267,0.0380852550663871,0.0676450034940601,0.0167714884696017,0.0356044723969252,0.0707547169811321,,,,,,,,,,,,,,,,,,,,,,,,,,,,,,,,,,,,,,,,,,,,,,,,,,,,,,,,,,,,,,,,,,,,,,,,,,,,,,,,,,,,,,,,,,,,,,,,,,,,,,,,,,,,,,,,,,,,,,,,,,,,,,,,,,,,,,,,,,,,,,,,,,,,,,,,,,,,,,,,,,,,,,,,,,,,,,,,,,,,,,,,,,,,,,,,,,,,,,,,,,,,,,,,,,,,,,,,,,,,,,,,,,,,,,,,,,,,,,,,,,,,,,,,,,,,,,,,,,,,,,,,,,,,,,,,,,,,,,,,,,,,,,,,,,,,,,,,,,,,,,,,,,,,,,,,,,,,,,,,,,,,,,,,,,,,,,,,,,,,,,,,,,,,,,,,,,,,,,,,,,,,,,,,,,,,,,,,,,,,
WAG,117,5159.11506012713,4193.44609103433,-1979.23865845661,n/a,n/a,0.0866279,0.043972,0.0390894,0.0570451,0.0193078,0.0367281,0.0580589,0.0832518,0.0244313,0.048466,0.086209,0.0620286,0.0195027,0.0384319,0.0457631,0.0695179,0.0610127,0.0143859,0.0352742,0.0708956,,,,,,,,,,,,,,,,,,,,,,,,,,,,,,,,,,,,,,,,,,,,,,,,,,,,,,,,,,,,,,,,,,,,,,,,,,,,,,,,,,,,,,,,,,,,,,,,,,,,,,,,,,,,,,,,,,,,,,,,,,,,,,,,,,,,,,,,,,,,,,,,,,,,,,,,,,,,,,,,,,,,,,,,,,,,,,,,,,,,,,,,,,,,,,,,,,,,,,,,,,,,,,,,,,,,,,,,,,,,,,,,,,,,,,,,,,,,,,,,,,,,,,,,,,,,,,,,,,,,,,,,,,,,,,,,,,,,,,,,,,,,,,,,,,,,,,,,,,,,,,,,,,,,,,,,,,,,,,,,,,,,,,,,,,,,,,,,,,,,,,,,,,,,,,,,,,,,,,,,,,,,,,,,,,,,,,,,,,,,
JTT,117,5165.10583356768,4199.43686447487,-1982.23404517688,n/a,n/a,0.0769,0.0511,0.0425,0.0513,0.0203,0.0411,0.0618,0.0747,0.023,0.0526,0.0911,0.0595,0.0234,0.0405,0.0505,0.0682,0.0585,0.0143,0.0323,0.0664,,,,,,,,,,,,,,,,,,,,,,,,,,,,,,,,,,,,,,,,,,,,,,,,,,,,,,,,,,,,,,,,,,,,,,,,,,,,,,,,,,,,,,,,,,,,,,,,,,,,,,,,,,,,,,,,,,,,,,,,,,,,,,,,,,,,,,,,,,,,,,,,,,,,,,,,,,,,,,,,,,,,,,,,,,,,,,,,,,,,,,,,,,,,,,,,,,,,,,,,,,,,,,,,,,,,,,,,,,,,,,,,,,,,,,,,,,,,,,,,,,,,,,,,,,,,,,,,,,,,,,,,,,,,,,,,,,,,,,,,,,,,,,,,,,,,,,,,,,,,,,,,,,,,,,,,,,,,,,,,,,,,,,,,,,,,,,,,,,,,,,,,,,,,,,,,,,,,,,,,,,,,,,,,,,,,,,,,,,,,
Dayhoff,117,5165.33811422188,4199.66914512907,-1982.35018550398,n/a,n/a,0.0871,0.0409,0.0404,0.0469,0.0335,0.0383,0.0495,0.0886,0.0336,0.0369,0.0854,0.0805,0.0148,0.0398,0.0507,0.0696,0.0585,0.0105,0.0299,0.0647,,,,,,,,,,,,,,,,,,,,,,,,,,,,,,,,,,,,,,,,,,,,,,,,,,,,,,,,,,,,,,,,,,,,,,,,,,,,,,,,,,,,,,,,,,,,,,,,,,,,,,,,,,,,,,,,,,,,,,,,,,,,,,,,,,,,,,,,,,,,,,,,,,,,,,,,,,,,,,,,,,,,,,,,,,,,,,,,,,,,,,,,,,,,,,,,,,,,,,,,,,,,,,,,,,,,,,,,,,,,,,,,,,,,,,,,,,,,,,,,,,,,,,,,,,,,,,,,,,,,,,,,,,,,,,,,,,,,,,,,,,,,,,,,,,,,,,,,,,,,,,,,,,,,,,,,,,,,,,,,,,,,,,,,,,,,,,,,,,,,,,,,,,,,,,,,,,,,,,,,,,,,,,,,,,,,,,,,,,,,
LG,117,5174.98899045566,4209.32002136286,-1987.17562362087,n/a,n/a,0.079066,0.055941,0.041977,0.053052,0.012937,0.040767,0.071586,0.057337,0.022355,0.062157,0.099081,0.0646,0.022951,0.042302,0.04404,0.061197,0.053287,0.012066,0.034155,0.069147,,,,,,,,,,,,,,,,,,,,,,,,,,,,,,,,,,,,,,,,,,,,,,,,,,,,,,,,,,,,,,,,,,,,,,,,,,,,,,,,,,,,,,,,,,,,,,,,,,,,,,,,,,,,,,,,,,,,,,,,,,,,,,,,,,,,,,,,,,,,,,,,,,,,,,,,,,,,,,,,,,,,,,,,,,,,,,,,,,,,,,,,,,,,,,,,,,,,,,,,,,,,,,,,,,,,,,,,,,,,,,,,,,,,,,,,,,,,,,,,,,,,,,,,,,,,,,,,,,,,,,,,,,,,,,,,,,,,,,,,,,,,,,,,,,,,,,,,,,,,,,,,,,,,,,,,,,,,,,,,,,,,,,,,,,,,,,,,,,,,,,,,,,,,,,,,,,,,,,,,,,,,,,,,,,,,,,,,,,,,
cpREV,117,5188.6594445496,4222.99047545679,-1994.01085066784,n/a,n/a,0.0756,0.0621,0.041,0.0371,0.0091,0.0382,0.0495,0.0838,0.0246,0.0806,0.1011,0.0504,0.022,0.0506,0.0431,0.0622,0.0543,0.0181,0.0307,0.066,,,,,,,,,,,,,,,,,,,,,,,,,,,,,,,,,,,,,,,,,,,,,,,,,,,,,,,,,,,,,,,,,,,,,,,,,,,,,,,,,,,,,,,,,,,,,,,,,,,,,,,,,,,,,,,,,,,,,,,,,,,,,,,,,,,,,,,,,,,,,,,,,,,,,,,,,,,,,,,,,,,,,,,,,,,,,,,,,,,,,,,,,,,,,,,,,,,,,,,,,,,,,,,,,,,,,,,,,,,,,,,,,,,,,,,,,,,,,,,,,,,,,,,,,,,,,,,,,,,,,,,,,,,,,,,,,,,,,,,,,,,,,,,,,,,,,,,,,,,,,,,,,,,,,,,,,,,,,,,,,,,,,,,,,,,,,,,,,,,,,,,,,,,,,,,,,,,,,,,,,,,,,,,,,,,,,,,,,,,,
rtREV,117,5211.0160376804,4245.3470685876,-2005.18914723324,n/a,n/a,0.0646,0.0453,0.0376,0.0422,0.0114,0.0606,0.0607,0.0639,0.0273,0.0679,0.1018,0.0751,0.015,0.0287,0.0681,0.0488,0.0622,0.0251,0.0318,0.0619,,,,,,,,,,,,,,,,,,,,,,,,,,,,,,,,,,,,,,,,,,,,,,,,,,,,,,,,,,,,,,,,,,,,,,,,,,,,,,,,,,,,,,,,,,,,,,,,,,,,,,,,,,,,,,,,,,,,,,,,,,,,,,,,,,,,,,,,,,,,,,,,,,,,,,,,,,,,,,,,,,,,,,,,,,,,,,,,,,,,,,,,,,,,,,,,,,,,,,,,,,,,,,,,,,,,,,,,,,,,,,,,,,,,,,,,,,,,,,,,,,,,,,,,,,,,,,,,,,,,,,,,,,,,,,,,,,,,,,,,,,,,,,,,,,,,,,,,,,,,,,,,,,,,,,,,,,,,,,,,,,,,,,,,,,,,,,,,,,,,,,,,,,,,,,,,,,,,,,,,,,,,,,,,,,,,,,,,,,,,
Dayhoff+G+F,137,5219.38894809631,4088.8415591309,-1906.75699191009,n/a,0.0448095726307444,0.0925227113906359,0.0584905660377359,0.0314465408805031,0.0548567435359888,0.0192173305380853,0.0252271139063592,0.0727463312368973,0.0988120195667365,0.0315164220824598,0.0427323549965059,0.0863382250174703,0.0504891684136967,0.0170859538784067,0.046261355695318,0.0502795248078267,0.0380852550663871,0.0676450034940601,0.0167714884696017,0.0356044723969252,0.0707547169811321,,,,,,,,,,,,,,,,,,,,,,,,,,,,,,,,,,,,,,,,,,,,,,,,,,,,,,,,,,,,,,,,,,,,,,,,,,,,,,,,,,,,,,,,,,,,,,,,,,,,,,,,,,,,,,,,,,,,,,,,,,,,,,,,,,,,,,,,,,,,,,,,,,,,,,,,,,,,,,,,,,,,,,,,,,,,,,,,,,,,,,,,,,,,,,,,,,,,,,,,,,,,,,,,,,,,,,,,,,,,,,,,,,,,,,,,,,,,,,,,,,,,,,,,,,,,,,,,,,,,,,,,,,,,,,,,,,,,,,,,,,,,,,,,,,,,,,,,,,,,,,,,,,,,,,,,,,,,,,,,,,,,,,,,,,,,,,,,,,,,,,,,,,,,,,,,,,,,,,,,,,,,,,,,,,,,,,,,,,,,
JTT+G+F,137,5231.98913777364,4101.44174880823,-1913.05708674875,n/a,0.0444057638919768,0.0925227113906359,0.0584905660377359,0.0314465408805031,0.0548567435359888,0.0192173305380853,0.0252271139063592,0.0727463312368973,0.0988120195667365,0.0315164220824598,0.0427323549965059,0.0863382250174703,0.0504891684136967,0.0170859538784067,0.046261355695318,0.0502795248078267,0.0380852550663871,0.0676450034940601,0.0167714884696017,0.0356044723969252,0.0707547169811321,,,,,,,,,,,,,,,,,,,,,,,,,,,,,,,,,,,,,,,,,,,,,,,,,,,,,,,,,,,,,,,,,,,,,,,,,,,,,,,,,,,,,,,,,,,,,,,,,,,,,,,,,,,,,,,,,,,,,,,,,,,,,,,,,,,,,,,,,,,,,,,,,,,,,,,,,,,,,,,,,,,,,,,,,,,,,,,,,,,,,,,,,,,,,,,,,,,,,,,,,,,,,,,,,,,,,,,,,,,,,,,,,,,,,,,,,,,,,,,,,,,,,,,,,,,,,,,,,,,,,,,,,,,,,,,,,,,,,,,,,,,,,,,,,,,,,,,,,,,,,,,,,,,,,,,,,,,,,,,,,,,,,,,,,,,,,,,,,,,,,,,,,,,,,,,,,,,,,,,,,,,,,,,,,,,,,,,,,,,,
LG+G+F,137,5232.33848986756,4101.79110090215,-1913.23176279571,n/a,0.0443614769044369,0.0925227113906359,0.0584905660377359,0.0314465408805031,0.0548567435359888,0.0192173305380853,0.0252271139063592,0.0727463312368973,0.0988120195667365,0.0315164220824598,0.0427323549965059,0.0863382250174703,0.0504891684136967,0.0170859538784067,0.046261355695318,0.0502795248078267,0.0380852550663871,0.0676450034940601,0.0167714884696017,0.0356044723969252,0.0707547169811321,,,,,,,,,,,,,,,,,,,,,,,,,,,,,,,,,,,,,,,,,,,,,,,,,,,,,,,,,,,,,,,,,,,,,,,,,,,,,,,,,,,,,,,,,,,,,,,,,,,,,,,,,,,,,,,,,,,,,,,,,,,,,,,,,,,,,,,,,,,,,,,,,,,,,,,,,,,,,,,,,,,,,,,,,,,,,,,,,,,,,,,,,,,,,,,,,,,,,,,,,,,,,,,,,,,,,,,,,,,,,,,,,,,,,,,,,,,,,,,,,,,,,,,,,,,,,,,,,,,,,,,,,,,,,,,,,,,,,,,,,,,,,,,,,,,,,,,,,,,,,,,,,,,,,,,,,,,,,,,,,,,,,,,,,,,,,,,,,,,,,,,,,,,,,,,,,,,,,,,,,,,,,,,,,,,,,,,,,,,,
WAG+G+F,137,5232.95826756827,4102.41087860286,-1913.54165164607,n/a,0.0443207937247486,0.0925227113906359,0.0584905660377359,0.0314465408805031,0.0548567435359888,0.0192173305380853,0.0252271139063592,0.0727463312368973,0.0988120195667365,0.0315164220824598,0.0427323549965059,0.0863382250174703,0.0504891684136967,0.0170859538784067,0.046261355695318,0.0502795248078267,0.0380852550663871,0.0676450034940601,0.0167714884696017,0.0356044723969252,0.0707547169811321,,,,,,,,,,,,,,,,,,,,,,,,,,,,,,,,,,,,,,,,,,,,,,,,,,,,,,,,,,,,,,,,,,,,,,,,,,,,,,,,,,,,,,,,,,,,,,,,,,,,,,,,,,,,,,,,,,,,,,,,,,,,,,,,,,,,,,,,,,,,,,,,,,,,,,,,,,,,,,,,,,,,,,,,,,,,,,,,,,,,,,,,,,,,,,,,,,,,,,,,,,,,,,,,,,,,,,,,,,,,,,,,,,,,,,,,,,,,,,,,,,,,,,,,,,,,,,,,,,,,,,,,,,,,,,,,,,,,,,,,,,,,,,,,,,,,,,,,,,,,,,,,,,,,,,,,,,,,,,,,,,,,,,,,,,,,,,,,,,,,,,,,,,,,,,,,,,,,,,,,,,,,,,,,,,,,,,,,,,,,
rtREV+G+F,137,5237.85775745618,4107.31036849077,-1915.99139659003,n/a,0.04371056060194,0.0925227113906359,0.0584905660377359,0.0314465408805031,0.0548567435359888,0.0192173305380853,0.0252271139063592,0.0727463312368973,0.0988120195667365,0.0315164220824598,0.0427323549965059,0.0863382250174703,0.0504891684136967,0.0170859538784067,0.046261355695318,0.0502795248078267,0.0380852550663871,0.0676450034940601,0.0167714884696017,0.0356044723969252,0.0707547169811321,,,,,,,,,,,,,,,,,,,,,,,,,,,,,,,,,,,,,,,,,,,,,,,,,,,,,,,,,,,,,,,,,,,,,,,,,,,,,,,,,,,,,,,,,,,,,,,,,,,,,,,,,,,,,,,,,,,,,,,,,,,,,,,,,,,,,,,,,,,,,,,,,,,,,,,,,,,,,,,,,,,,,,,,,,,,,,,,,,,,,,,,,,,,,,,,,,,,,,,,,,,,,,,,,,,,,,,,,,,,,,,,,,,,,,,,,,,,,,,,,,,,,,,,,,,,,,,,,,,,,,,,,,,,,,,,,,,,,,,,,,,,,,,,,,,,,,,,,,,,,,,,,,,,,,,,,,,,,,,,,,,,,,,,,,,,,,,,,,,,,,,,,,,,,,,,,,,,,,,,,,,,,,,,,,,,,,,,,,,,
cpREV+G+F,137,5238.94760552495,4108.40021655955,-1916.53632062441,n/a,0.0443614769044369,0.0925227113906359,0.0584905660377359,0.0314465408805031,0.0548567435359888,0.0192173305380853,0.0252271139063592,0.0727463312368973,0.0988120195667365,0.0315164220824598,0.0427323549965059,0.0863382250174703,0.0504891684136967,0.0170859538784067,0.046261355695318,0.0502795248078267,0.0380852550663871,0.0676450034940601,0.0167714884696017,0.0356044723969252,0.0707547169811321,,,,,,,,,,,,,,,,,,,,,,,,,,,,,,,,,,,,,,,,,,,,,,,,,,,,,,,,,,,,,,,,,,,,,,,,,,,,,,,,,,,,,,,,,,,,,,,,,,,,,,,,,,,,,,,,,,,,,,,,,,,,,,,,,,,,,,,,,,,,,,,,,,,,,,,,,,,,,,,,,,,,,,,,,,,,,,,,,,,,,,,,,,,,,,,,,,,,,,,,,,,,,,,,,,,,,,,,,,,,,,,,,,,,,,,,,,,,,,,,,,,,,,,,,,,,,,,,,,,,,,,,,,,,,,,,,,,,,,,,,,,,,,,,,,,,,,,,,,,,,,,,,,,,,,,,,,,,,,,,,,,,,,,,,,,,,,,,,,,,,,,,,,,,,,,,,,,,,,,,,,,,,,,,,,,,,,,,,,,,
mtREV24+G+F,137,5284.20266127086,4153.65527230546,-1939.16384849737,n/a,0.0448095726307444,0.0925227113906359,0.0584905660377359,0.0314465408805031,0.0548567435359888,0.0192173305380853,0.0252271139063592,0.0727463312368973,0.0988120195667365,0.0315164220824598,0.0427323549965059,0.0863382250174703,0.0504891684136967,0.0170859538784067,0.046261355695318,0.0502795248078267,0.0380852550663871,0.0676450034940601,0.0167714884696017,0.0356044723969252,0.0707547169811321,,,,,,,,,,,,,,,,,,,,,,,,,,,,,,,,,,,,,,,,,,,,,,,,,,,,,,,,,,,,,,,,,,,,,,,,,,,,,,,,,,,,,,,,,,,,,,,,,,,,,,,,,,,,,,,,,,,,,,,,,,,,,,,,,,,,,,,,,,,,,,,,,,,,,,,,,,,,,,,,,,,,,,,,,,,,,,,,,,,,,,,,,,,,,,,,,,,,,,,,,,,,,,,,,,,,,,,,,,,,,,,,,,,,,,,,,,,,,,,,,,,,,,,,,,,,,,,,,,,,,,,,,,,,,,,,,,,,,,,,,,,,,,,,,,,,,,,,,,,,,,,,,,,,,,,,,,,,,,,,,,,,,,,,,,,,,,,,,,,,,,,,,,,,,,,,,,,,,,,,,,,,,,,,,,,,,,,,,,,,
Poisson+G,118,5306.43247947373,4332.51824414112,-2047.76643760335,n/a,0.0439178621353926,0.05,0.05,0.05,0.05,0.05,0.05,0.05,0.05,0.05,0.05,0.05,0.05,0.05,0.05,0.05,0.05,0.05,0.05,0.05,0.05,,,,,,,,,,,,,,,,,,,,,,,,,,,,,,,,,,,,,,,,,,,,,,,,,,,,,,,,,,,,,,,,,,,,,,,,,,,,,,,,,,,,,,,,,,,,,,,,,,,,,,,,,,,,,,,,,,,,,,,,,,,,,,,,,,,,,,,,,,,,,,,,,,,,,,,,,,,,,,,,,,,,,,,,,,,,,,,,,,,,,,,,,,,,,,,,,,,,,,,,,,,,,,,,,,,,,,,,,,,,,,,,,,,,,,,,,,,,,,,,,,,,,,,,,,,,,,,,,,,,,,,,,,,,,,,,,,,,,,,,,,,,,,,,,,,,,,,,,,,,,,,,,,,,,,,,,,,,,,,,,,,,,,,,,,,,,,,,,,,,,,,,,,,,,,,,,,,,,,,,,,,,,,,,,,,,,,,,,,,,
Dayhoff+F,136,5313.52098652133,4191.21617245325,-1958.95394164916,n/a,n/a,0.0925227113906359,0.0584905660377359,0.0314465408805031,0.0548567435359888,0.0192173305380853,0.0252271139063592,0.0727463312368973,0.0988120195667365,0.0315164220824598,0.0427323549965059,0.0863382250174703,0.0504891684136967,0.0170859538784067,0.046261355695318,0.0502795248078267,0.0380852550663871,0.0676450034940601,0.0167714884696017,0.0356044723969252,0.0707547169811321,,,,,,,,,,,,,,,,,,,,,,,,,,,,,,,,,,,,,,,,,,,,,,,,,,,,,,,,,,,,,,,,,,,,,,,,,,,,,,,,,,,,,,,,,,,,,,,,,,,,,,,,,,,,,,,,,,,,,,,,,,,,,,,,,,,,,,,,,,,,,,,,,,,,,,,,,,,,,,,,,,,,,,,,,,,,,,,,,,,,,,,,,,,,,,,,,,,,,,,,,,,,,,,,,,,,,,,,,,,,,,,,,,,,,,,,,,,,,,,,,,,,,,,,,,,,,,,,,,,,,,,,,,,,,,,,,,,,,,,,,,,,,,,,,,,,,,,,,,,,,,,,,,,,,,,,,,,,,,,,,,,,,,,,,,,,,,,,,,,,,,,,,,,,,,,,,,,,,,,,,,,,,,,,,,,,,,,,,,,,
mtREV24+G,118,5322.35515182469,4348.44091649208,-2055.72777377883,n/a,0.0439178621353926,0.072,0.019,0.039,0.019,0.006,0.025,0.024,0.056,0.028,0.087,0.168,0.023,0.053,0.06,0.055,0.072,0.088,0.029,0.033,0.044,,,,,,,,,,,,,,,,,,,,,,,,,,,,,,,,,,,,,,,,,,,,,,,,,,,,,,,,,,,,,,,,,,,,,,,,,,,,,,,,,,,,,,,,,,,,,,,,,,,,,,,,,,,,,,,,,,,,,,,,,,,,,,,,,,,,,,,,,,,,,,,,,,,,,,,,,,,,,,,,,,,,,,,,,,,,,,,,,,,,,,,,,,,,,,,,,,,,,,,,,,,,,,,,,,,,,,,,,,,,,,,,,,,,,,,,,,,,,,,,,,,,,,,,,,,,,,,,,,,,,,,,,,,,,,,,,,,,,,,,,,,,,,,,,,,,,,,,,,,,,,,,,,,,,,,,,,,,,,,,,,,,,,,,,,,,,,,,,,,,,,,,,,,,,,,,,,,,,,,,,,,,,,,,,,,,,,,,,,,,
JTT+F,136,5326.20484515119,4203.90003108311,-1965.29587096409,n/a,n/a,0.0925227113906359,0.0584905660377359,0.0314465408805031,0.0548567435359888,0.0192173305380853,0.0252271139063592,0.0727463312368973,0.0988120195667365,0.0315164220824598,0.0427323549965059,0.0863382250174703,0.0504891684136967,0.0170859538784067,0.046261355695318,0.0502795248078267,0.0380852550663871,0.0676450034940601,0.0167714884696017,0.0356044723969252,0.0707547169811321,,,,,,,,,,,,,,,,,,,,,,,,,,,,,,,,,,,,,,,,,,,,,,,,,,,,,,,,,,,,,,,,,,,,,,,,,,,,,,,,,,,,,,,,,,,,,,,,,,,,,,,,,,,,,,,,,,,,,,,,,,,,,,,,,,,,,,,,,,,,,,,,,,,,,,,,,,,,,,,,,,,,,,,,,,,,,,,,,,,,,,,,,,,,,,,,,,,,,,,,,,,,,,,,,,,,,,,,,,,,,,,,,,,,,,,,,,,,,,,,,,,,,,,,,,,,,,,,,,,,,,,,,,,,,,,,,,,,,,,,,,,,,,,,,,,,,,,,,,,,,,,,,,,,,,,,,,,,,,,,,,,,,,,,,,,,,,,,,,,,,,,,,,,,,,,,,,,,,,,,,,,,,,,,,,,,,,,,,,,,
WAG+F,136,5326.50939630209,4204.20458223401,-1965.44814653954,n/a,n/a,0.0925227113906359,0.0584905660377359,0.0314465408805031,0.0548567435359888,0.0192173305380853,0.0252271139063592,0.0727463312368973,0.0988120195667365,0.0315164220824598,0.0427323549965059,0.0863382250174703,0.0504891684136967,0.0170859538784067,0.046261355695318,0.0502795248078267,0.0380852550663871,0.0676450034940601,0.0167714884696017,0.0356044723969252,0.0707547169811321,,,,,,,,,,,,,,,,,,,,,,,,,,,,,,,,,,,,,,,,,,,,,,,,,,,,,,,,,,,,,,,,,,,,,,,,,,,,,,,,,,,,,,,,,,,,,,,,,,,,,,,,,,,,,,,,,,,,,,,,,,,,,,,,,,,,,,,,,,,,,,,,,,,,,,,,,,,,,,,,,,,,,,,,,,,,,,,,,,,,,,,,,,,,,,,,,,,,,,,,,,,,,,,,,,,,,,,,,,,,,,,,,,,,,,,,,,,,,,,,,,,,,,,,,,,,,,,,,,,,,,,,,,,,,,,,,,,,,,,,,,,,,,,,,,,,,,,,,,,,,,,,,,,,,,,,,,,,,,,,,,,,,,,,,,,,,,,,,,,,,,,,,,,,,,,,,,,,,,,,,,,,,,,,,,,,,,,,,,,,
LG+F,136,5327.38394607646,4205.07913200838,-1965.88542142672,n/a,n/a,0.0925227113906359,0.0584905660377359,0.0314465408805031,0.0548567435359888,0.0192173305380853,0.0252271139063592,0.0727463312368973,0.0988120195667365,0.0315164220824598,0.0427323549965059,0.0863382250174703,0.0504891684136967,0.0170859538784067,0.046261355695318,0.0502795248078267,0.0380852550663871,0.0676450034940601,0.0167714884696017,0.0356044723969252,0.0707547169811321,,,,,,,,,,,,,,,,,,,,,,,,,,,,,,,,,,,,,,,,,,,,,,,,,,,,,,,,,,,,,,,,,,,,,,,,,,,,,,,,,,,,,,,,,,,,,,,,,,,,,,,,,,,,,,,,,,,,,,,,,,,,,,,,,,,,,,,,,,,,,,,,,,,,,,,,,,,,,,,,,,,,,,,,,,,,,,,,,,,,,,,,,,,,,,,,,,,,,,,,,,,,,,,,,,,,,,,,,,,,,,,,,,,,,,,,,,,,,,,,,,,,,,,,,,,,,,,,,,,,,,,,,,,,,,,,,,,,,,,,,,,,,,,,,,,,,,,,,,,,,,,,,,,,,,,,,,,,,,,,,,,,,,,,,,,,,,,,,,,,,,,,,,,,,,,,,,,,,,,,,,,,,,,,,,,,,,,,,,,,
cpREV+F,136,5331.84556891094,4209.54075484285,-1968.11623284396,n/a,n/a,0.0925227113906359,0.0584905660377359,0.0314465408805031,0.0548567435359888,0.0192173305380853,0.0252271139063592,0.0727463312368973,0.0988120195667365,0.0315164220824598,0.0427323549965059,0.0863382250174703,0.0504891684136967,0.0170859538784067,0.046261355695318,0.0502795248078267,0.0380852550663871,0.0676450034940601,0.0167714884696017,0.0356044723969252,0.0707547169811321,,,,,,,,,,,,,,,,,,,,,,,,,,,,,,,,,,,,,,,,,,,,,,,,,,,,,,,,,,,,,,,,,,,,,,,,,,,,,,,,,,,,,,,,,,,,,,,,,,,,,,,,,,,,,,,,,,,,,,,,,,,,,,,,,,,,,,,,,,,,,,,,,,,,,,,,,,,,,,,,,,,,,,,,,,,,,,,,,,,,,,,,,,,,,,,,,,,,,,,,,,,,,,,,,,,,,,,,,,,,,,,,,,,,,,,,,,,,,,,,,,,,,,,,,,,,,,,,,,,,,,,,,,,,,,,,,,,,,,,,,,,,,,,,,,,,,,,,,,,,,,,,,,,,,,,,,,,,,,,,,,,,,,,,,,,,,,,,,,,,,,,,,,,,,,,,,,,,,,,,,,,,,,,,,,,,,,,,,,,,
rtREV+F,136,5333.51136923573,4211.20655516764,-1968.94913300635,n/a,n/a,0.0925227113906359,0.0584905660377359,0.0314465408805031,0.0548567435359888,0.0192173305380853,0.0252271139063592,0.0727463312368973,0.0988120195667365,0.0315164220824598,0.0427323549965059,0.0863382250174703,0.0504891684136967,0.0170859538784067,0.046261355695318,0.0502795248078267,0.0380852550663871,0.0676450034940601,0.0167714884696017,0.0356044723969252,0.0707547169811321,,,,,,,,,,,,,,,,,,,,,,,,,,,,,,,,,,,,,,,,,,,,,,,,,,,,,,,,,,,,,,,,,,,,,,,,,,,,,,,,,,,,,,,,,,,,,,,,,,,,,,,,,,,,,,,,,,,,,,,,,,,,,,,,,,,,,,,,,,,,,,,,,,,,,,,,,,,,,,,,,,,,,,,,,,,,,,,,,,,,,,,,,,,,,,,,,,,,,,,,,,,,,,,,,,,,,,,,,,,,,,,,,,,,,,,,,,,,,,,,,,,,,,,,,,,,,,,,,,,,,,,,,,,,,,,,,,,,,,,,,,,,,,,,,,,,,,,,,,,,,,,,,,,,,,,,,,,,,,,,,,,,,,,,,,,,,,,,,,,,,,,,,,,,,,,,,,,,,,,,,,,,,,,,,,,,,,,,,,,,
Poisson+G+F,137,5361.18200435114,4230.63461538573,-1977.65352003751,n/a,0.0441646857679584,0.0925227113906359,0.0584905660377359,0.0314465408805031,0.0548567435359888,0.0192173305380853,0.0252271139063592,0.0727463312368973,0.0988120195667365,0.0315164220824598,0.0427323549965059,0.0863382250174703,0.0504891684136967,0.0170859538784067,0.046261355695318,0.0502795248078267,0.0380852550663871,0.0676450034940601,0.0167714884696017,0.0356044723969252,0.0707547169811321,,,,,,,,,,,,,,,,,,,,,,,,,,,,,,,,,,,,,,,,,,,,,,,,,,,,,,,,,,,,,,,,,,,,,,,,,,,,,,,,,,,,,,,,,,,,,,,,,,,,,,,,,,,,,,,,,,,,,,,,,,,,,,,,,,,,,,,,,,,,,,,,,,,,,,,,,,,,,,,,,,,,,,,,,,,,,,,,,,,,,,,,,,,,,,,,,,,,,,,,,,,,,,,,,,,,,,,,,,,,,,,,,,,,,,,,,,,,,,,,,,,,,,,,,,,,,,,,,,,,,,,,,,,,,,,,,,,,,,,,,,,,,,,,,,,,,,,,,,,,,,,,,,,,,,,,,,,,,,,,,,,,,,,,,,,,,,,,,,,,,,,,,,,,,,,,,,,,,,,,,,,,,,,,,,,,,,,,,,,,
mtREV24+F,136,5381.10482879549,4258.80001472741,-1992.74586278624,n/a,n/a,0.0925227113906359,0.0584905660377359,0.0314465408805031,0.0548567435359888,0.0192173305380853,0.0252271139063592,0.0727463312368973,0.0988120195667365,0.0315164220824598,0.0427323549965059,0.0863382250174703,0.0504891684136967,0.0170859538784067,0.046261355695318,0.0502795248078267,0.0380852550663871,0.0676450034940601,0.0167714884696017,0.0356044723969252,0.0707547169811321,,,,,,,,,,,,,,,,,,,,,,,,,,,,,,,,,,,,,,,,,,,,,,,,,,,,,,,,,,,,,,,,,,,,,,,,,,,,,,,,,,,,,,,,,,,,,,,,,,,,,,,,,,,,,,,,,,,,,,,,,,,,,,,,,,,,,,,,,,,,,,,,,,,,,,,,,,,,,,,,,,,,,,,,,,,,,,,,,,,,,,,,,,,,,,,,,,,,,,,,,,,,,,,,,,,,,,,,,,,,,,,,,,,,,,,,,,,,,,,,,,,,,,,,,,,,,,,,,,,,,,,,,,,,,,,,,,,,,,,,,,,,,,,,,,,,,,,,,,,,,,,,,,,,,,,,,,,,,,,,,,,,,,,,,,,,,,,,,,,,,,,,,,,,,,,,,,,,,,,,,,,,,,,,,,,,,,,,,,,,
Poisson,117,5402.31541881214,4436.64644971933,-2100.83883779911,n/a,n/a,0.05,0.05,0.05,0.05,0.05,0.05,0.05,0.05,0.05,0.05,0.05,0.05,0.05,0.05,0.05,0.05,0.05,0.05,0.05,0.05,,,,,,,,,,,,,,,,,,,,,,,,,,,,,,,,,,,,,,,,,,,,,,,,,,,,,,,,,,,,,,,,,,,,,,,,,,,,,,,,,,,,,,,,,,,,,,,,,,,,,,,,,,,,,,,,,,,,,,,,,,,,,,,,,,,,,,,,,,,,,,,,,,,,,,,,,,,,,,,,,,,,,,,,,,,,,,,,,,,,,,,,,,,,,,,,,,,,,,,,,,,,,,,,,,,,,,,,,,,,,,,,,,,,,,,,,,,,,,,,,,,,,,,,,,,,,,,,,,,,,,,,,,,,,,,,,,,,,,,,,,,,,,,,,,,,,,,,,,,,,,,,,,,,,,,,,,,,,,,,,,,,,,,,,,,,,,,,,,,,,,,,,,,,,,,,,,,,,,,,,,,,,,,,,,,,,,,,,,,,
mtREV24,117,5422.51006189023,4456.84109279742,-2110.93615933815,n/a,n/a,0.072,0.019,0.039,0.019,0.006,0.025,0.024,0.056,0.028,0.087,0.168,0.023,0.053,0.06,0.055,0.072,0.088,0.029,0.033,0.044,,,,,,,,,,,,,,,,,,,,,,,,,,,,,,,,,,,,,,,,,,,,,,,,,,,,,,,,,,,,,,,,,,,,,,,,,,,,,,,,,,,,,,,,,,,,,,,,,,,,,,,,,,,,,,,,,,,,,,,,,,,,,,,,,,,,,,,,,,,,,,,,,,,,,,,,,,,,,,,,,,,,,,,,,,,,,,,,,,,,,,,,,,,,,,,,,,,,,,,,,,,,,,,,,,,,,,,,,,,,,,,,,,,,,,,,,,,,,,,,,,,,,,,,,,,,,,,,,,,,,,,,,,,,,,,,,,,,,,,,,,,,,,,,,,,,,,,,,,,,,,,,,,,,,,,,,,,,,,,,,,,,,,,,,,,,,,,,,,,,,,,,,,,,,,,,,,,,,,,,,,,,,,,,,,,,,,,,,,,,
Poisson+F,136,5455.23890207384,4332.93408800576,-2029.81289942541,n/a,n/a,0.0925227113906359,0.0584905660377359,0.0314465408805031,0.0548567435359888,0.0192173305380853,0.0252271139063592,0.0727463312368973,0.0988120195667365,0.0315164220824598,0.0427323549965059,0.0863382250174703,0.0504891684136967,0.0170859538784067,0.046261355695318,0.0502795248078267,0.0380852550663871,0.0676450034940601,0.0167714884696017,0.0356044723969252,0.0707547169811321,,,,,,,,,,,,,,,,,,,,,,,,,,,,,,,,,,,,,,,,,,,,,,,,,,,,,,,,,,,,,,,,,,,,,,,,,,,,,,,,,,,,,,,,,,,,,,,,,,,,,,,,,,,,,,,,,,,,,,,,,,,,,,,,,,,,,,,,,,,,,,,,,,,,,,,,,,,,,,,,,,,,,,,,,,,,,,,,,,,,,,,,,,,,,,,,,,,,,,,,,,,,,,,,,,,,,,,,,,,,,,,,,,,,,,,,,,,,,,,,,,,,,,,,,,,,,,,,,,,,,,,,,,,,,,,,,,,,,,,,,,,,,,,,,,,,,,,,,,,,,,,,,,,,,,,,,,,,,,,,,,,,,,,,,,,,,,,,,,,,,,,,,,,,,,,,,,,,,,,,,,,,,,,,,,,,,,,,,,,,
